{"x":28.748964309692384,"y":0.624604344367981,"z":51.356483459472659}